{"meta":{"version":1,"warehouse":"4.0.2"},"models":{"Asset":[{"_id":"themes/anodyne/source/css/style.styl","path":"css/style.styl","modified":1,"renderable":1}],"Cache":[{"_id":"source/_posts/Mysql-Timestamp.md","hash":"8aaf4bfe3eb538830dea355175d7153f747c2ed1","modified":1679487835460},{"_id":"source/_posts/hello-world.md","hash":"acad91ace80b80295b11a9b7ad4c29a2dcfdd8fb","modified":1679485846289},{"_id":"source/_posts/percona.md","hash":"1924448a3ec1bde6e01f22eb2ad194c36df7afed","modified":1679117001637},{"_id":"themes/anodyne/.gitignore","hash":"a5a49e4d5dfb97857856eb6b0cdb2c93a387718f","modified":1679484909490},{"_id":"themes/anodyne/_config.yml","hash":"c2386728a37400fc696a2b119596280d7746d063","modified":1679484909493},{"_id":"themes/anodyne/languages/default.yml","hash":"d65ddf96a0fbb71b39652935f40ac79518a708f3","modified":1679484909494},{"_id":"themes/anodyne/LICENSE","hash":"981e45e987ee55b122225cab1cb17fd433ed011b","modified":1679484909491},{"_id":"themes/anodyne/languages/en.yml","hash":"d65ddf96a0fbb71b39652935f40ac79518a708f3","modified":1679484909494},{"_id":"themes/anodyne/README.md","hash":"e1ee5275cd0ab699fdd2c85bc28d2af91f688830","modified":1679484909491},{"_id":"themes/anodyne/languages/fr.yml","hash":"7670f9b02f35365d869cde7f610c99466f994e0e","modified":1679484909495},{"_id":"themes/anodyne/languages/ja.yml","hash":"82fa6c8d18d2c61c5d4a80a0d13d7d53d9c10415","modified":1679484909496},{"_id":"themes/anodyne/languages/nl.yml","hash":"a4edf7590033031143c2320ffd296846c3f27098","modified":1679484909497},{"_id":"themes/anodyne/languages/vi.yml","hash":"90b1bd9c518ddf7c7d1acac53dc042958820fe1b","modified":1679484909498},{"_id":"themes/anodyne/languages/zh-CN.yml","hash":"681e31edea1056ad3bebcdc745322971b5cf54e0","modified":1679484909499},{"_id":"themes/anodyne/languages/zh-TW.yml","hash":"dfc10e03f3d7629217054ab944fdece31237b81f","modified":1679484909500},{"_id":"themes/anodyne/layout/archive.ejs","hash":"a9b5fc1bdec50af4d664dc58a62fae1cc8bb59ac","modified":1679484909514},{"_id":"themes/anodyne/layout/index.ejs","hash":"d005713f8551ce06e2e5877c24b1039d572a1aee","modified":1679484909514},{"_id":"themes/anodyne/layout/layout.ejs","hash":"7b8411e28713594496b7ae94d337684779417e4f","modified":1679484909515},{"_id":"themes/anodyne/layout/page.ejs","hash":"90319ee4742ced4b84ce09b0c4995c2463d756ca","modified":1679484909516},{"_id":"themes/anodyne/layout/post.ejs","hash":"aae67ddf5eb769bbc9110929f6463171242e028a","modified":1679488977156},{"_id":"themes/anodyne/template/post.html","hash":"1203ec10a07779f1912e95c5973df80782f5fc91","modified":1679488996575},{"_id":"themes/anodyne/template/debug.css","hash":"b9e864fe3df47f680082a7333c30a62b443f6d1a","modified":1679484909523},{"_id":"themes/anodyne/source/css/style.styl","hash":"ab94cf20fba74243a9fba0710954c182c7279d72","modified":1679484909522},{"_id":"themes/anodyne/template/index.html","hash":"461f3bb4fcb2425efe5fb6ef1d27812ea6c381a3","modified":1679484909583},{"_id":"themes/anodyne/template/logo.svg","hash":"2f920701d43c40ce99b5ae85a9d0d0fb6affe66a","modified":1679484909584},{"_id":"themes/anodyne/template/style.css","hash":"f513bd4d7ca53382a6fbcce1cc01b76f612310ea","modified":1679484909586},{"_id":"themes/anodyne/template/devicon/Read Me.txt","hash":"7cb4baf9bd429bcd3833d2a96f3fbe29a7dd4ce9","modified":1679484909540},{"_id":"themes/anodyne/layout/_partial/after-footer.ejs","hash":"0ff4cb8e08c62a5b989cb35a47dec7fea33c1cc5","modified":1679484909502},{"_id":"themes/anodyne/layout/_partial/article-archive.ejs","hash":"5050db10de978ae74f4acf4777574038da903749","modified":1679484909503},{"_id":"themes/anodyne/layout/_partial/article-short.ejs","hash":"10ae596f7d7bfc0911b30ec9b8e3cb9b22269e19","modified":1679484909504},{"_id":"themes/anodyne/layout/_partial/banner.ejs","hash":"5b652ce4e82366f88947381d7385041e2768ab4a","modified":1679484909505},{"_id":"themes/anodyne/layout/_partial/comments.ejs","hash":"d7574d60b08e6d5b0eb9fcf93052c39a800963ca","modified":1679484909506},{"_id":"themes/anodyne/layout/_partial/footer.ejs","hash":"61479643384e10ddd2713b1b0af33eddedfca9e9","modified":1679484909507},{"_id":"themes/anodyne/layout/_partial/google-analytics.ejs","hash":"b287b7f66a53b51c7cd872ad1b15dfd20fb3e35d","modified":1679484909507},{"_id":"themes/anodyne/layout/_partial/head.ejs","hash":"508758c16230e281adc3a06313746b4dd1ff36d5","modified":1679484909508},{"_id":"themes/anodyne/layout/_partial/pagination.ejs","hash":"01e67da7ba631ee9b64cf1319c78105dead9c25b","modified":1679484909509},{"_id":"themes/anodyne/layout/_partial/tag-category-index.ejs","hash":"e2e30448279d56f77b39e98fdcdd6da8c72dd6da","modified":1679484909510},{"_id":"themes/anodyne/layout/_partial/widget-about.ejs","hash":"72601cf414aa7679969665cc82ecdb44c60bd6a1","modified":1679484909511},{"_id":"themes/anodyne/layout/_partial/widget-categories.ejs","hash":"b809841c2cce986aefccfcdaec4c51d52d8820b5","modified":1679484909512},{"_id":"themes/anodyne/layout/_partial/widget-recent-posts.ejs","hash":"b6537acad29d852f78272b393017a7dcf06e3912","modified":1679484909513},{"_id":"themes/anodyne/template/devicon/style.css","hash":"67c3009d5a8210fb439a14729ebd13872501af9e","modified":1679484909581},{"_id":"themes/anodyne/source/css/partial/_base.styl","hash":"ccdedafe01cf83dfb3bba810c4745d5dd1ebcd57","modified":1679484909519},{"_id":"themes/anodyne/source/css/partial/_content.styl","hash":"9bc7ffe607f0c99946d3cca532ce55d0e8ff5e9e","modified":1679484909520},{"_id":"themes/anodyne/source/css/partial/_highlight.styl","hash":"7ca9752ca150643729b713a59a1a9953b3b7352a","modified":1679484909521},{"_id":"themes/anodyne/template/devicon/demo-files/demo.js","hash":"e264ca246dbc4c632b053c19f7ca746b95b3f0b3","modified":1679484909542},{"_id":"themes/anodyne/template/devicon/demo-files/demo.css","hash":"376a44d4a24eea8b44641724a7f9864a48038791","modified":1679484909542},{"_id":"themes/anodyne/template/devicon/fonts/devicon.eot","hash":"72d1a173e58c7508bb1457a535b67472c6c35cec","modified":1679484909552},{"_id":"themes/anodyne/template/devicon/fonts/devicon.ttf","hash":"3eb76cd8e89f7046a735a7a8bc2de693c7314a07","modified":1679484909566},{"_id":"themes/anodyne/template/devicon/fonts/devicon.woff","hash":"69b887104812d0f246195fc3ee4abcafbbc4e961","modified":1679484909570},{"_id":"themes/anodyne/template/devicon/demo.html","hash":"62cc426875788b907d6e2f6df91c631c4839add8","modified":1679484909547},{"_id":"themes/anodyne/template/devicon/fonts/devicon.svg","hash":"b86b7899f2e717e81286220e982d69939d601688","modified":1679484909562},{"_id":"themes/anodyne/template/devicon/selection.json","hash":"ea12e05500a7eda0158e8e3c3509ad53c9755a3a","modified":1679484909580},{"_id":"public/2023/03/23/percona/index.html","hash":"c68b6b66170e91e71c018912f8c21dfe4570859d","modified":1679551998618},{"_id":"public/2023/03/23/hello-world/index.html","hash":"bd2e13e4885e9320251e0f65c1637995816219e5","modified":1679551998618},{"_id":"public/archives/index.html","hash":"d89cd86348549b6de1d024dc67fda0406ae9b46b","modified":1679551998618},{"_id":"public/archives/2023/index.html","hash":"d0b2c4f6739c35b3a0672329594672d06029701c","modified":1679551998618},{"_id":"public/archives/2023/03/index.html","hash":"1eee3da2f2a4c4f384bc2be06ef712441337e380","modified":1679551998618},{"_id":"public/index.html","hash":"b4fe38390d3c80e8d01eba09ffe2cf4eac51aebc","modified":1679551998618},{"_id":"public/2023/03/23/Mysql-Timestamp/index.html","hash":"ebf85a0d464e72d0adbf96b7b84832ac87908d84","modified":1679551998618},{"_id":"public/css/style.css","hash":"eee5c5125c831fc63be46e3919ff2e08f8cbf333","modified":1679551998618}],"Category":[],"Data":[],"Page":[],"Post":[{"title":"MySQL 8 Timestamp behaviour with 0000","_content":"## Checking with null in table structure\n\n\n``` bash \nmysql> CREATE TABLE `test` (\n-> `id` int,\n-> `updtd_dt` timestamp NULL DEFAULT CURRENT_TIMESTAMP);\nQuery OK, 0 rows affected (0.05 sec)\n\n```\n``` bash \nmysql> insert into test (id,updtd_dt) values (1,null);\nQuery OK, 1 row affected (0.02 sec)\nmysql> select * from test;\n+------+----------+\n| id | updtd_dt   |\n+------+----------+\n| 1 | NULL        |\n+------+----------+\n1 row in set (0.00 sec)\n```\n``` bash \nmysql> insert into test (id,updtd_dt) values (2,now());\nQuery OK, 1 row affected (0.01 sec)\nmysql>\nmysql> select * from test;\n+------+---------------------+\n| id | updtd_dt              |\n+------+---------------------+\n| 1 | NULL                   |\n| 2 | 2023-03-08 05:47:15    |\n+------+---------------------+\n2 rows in set (0.00 sec)\n```\n``` bash \nmysql> insert into test (id) values (3);\nQuery OK, 1 row affected (0.01 sec)\nmysql> select * from test;\n+------+---------------------+\n| id | updtd_dt |            |\n+------+---------------------+\n| 1 | NULL                   |\n| 2 | 2023-03-08 05:47:15    |\n| 3 | 2023-03-08 05:47:27    |\n+------+---------------------+\n3 rows in set (0.00 sec)\n```\n\n## Checking with not null in table structure\n``` bash\nmysql> CREATE TABLE `invoices_test` (\n-> `id` int,\n-> `updtd_dt` timestamp NOT NULL DEFAULT CURRENT_TIMESTAMP);\nQuery OK, 0 rows affected (0.04 sec)\n```\n``` bash\nmysql> insert into invoices_test(id,updtd_dt) values (1,null);\nERROR 1048 (23000): Column 'updtd_dt' cannot be null\nmysql> insert into invoices_test(id,updtd_dt) values (1,now());\nQuery OK, 1 row affected (0.00 sec)\n```\n\n``` bash\nmysql> select * from invoices_test;\n+------+---------------------+\n| id | updtd_dt              |\n+------+---------------------+\n| 1 | 2023-03-08 05:54:29    |\n+------+---------------------+\n1 row in set (0.00 sec)\n```\n``` bash\nmysql> insert into invoices_test(id) values (2);\nQuery OK, 1 row affected (0.00 sec)\nmysql> select * from invoices_test;\n+------+---------------------+\n| id | updtd_dt              |\n+------+---------------------+\n| 1 | 2023-03-08 05:54:29    |\n| 2 | 2023-03-08 05:54:52    |\n+------+---------------------+\n2 rows in set (0.00 sec)\n```\n\n## Disabling explicit_defaults_for_timestamp variable and checking structure with null\n\n``` bash\nmysql> select @@explicit_defaults_for_timestamp;\n+-----------------------------------+\n| @@explicit_defaults_for_timestamp |\n+-----------------------------------+\n| 1                                 |\n+-----------------------------------+\n1 row in set (0.00 sec)\n```\n``` bash\nmysql> set explicit_defaults_for_timestamp=0;\nQuery OK, 0 rows affected, 1 warning (0.00 sec)\nmysql> select @@explicit_defaults_for_timestamp;\n+-----------------------------------+\n| @@explicit_defaults_for_timestamp |\n+-----------------------------------+\n| 0                                 |\n+-----------------------------------+\n1 row in set (0.00 sec)\n```\n``` bash\nmysql> CREATE TABLE `test` (\n-> `id` int,\n-> `updtd_dt` timestamp NULL DEFAULT CURRENT_TIMESTAMP);\nQuery OK, 0 rows affected (0.04 sec)\nmysql> insert into test(id,updtd_dt) values (1,null);\nQuery OK, 1 row affected (0.01 sec)\n```\n``` bash\nmysql> select * from test;\n+------+----------+\n| id | updtd_dt   |\n+------+----------+\n| 1 | NULL        |\n+------+----------+\n1 row in set (0.00 sec)\nmysql> insert into test(id,updtd_dt) values (2,now());\nQuery OK, 1 row affected (0.01 sec)\n```\n``` bash\nmysql> insert into test(id) values (3);\nQuery OK, 1 row affected (0.01 sec)\nmysql> select * from test;\n+------+---------------------+\n| id | updtd_dt              |\n+------+---------------------+\n| 1 | NULL                   |\n| 2 | 2023-03-08 05:58:38    |\n| 3 | 2023-03-08 05:58:48    |\n+------+---------------------+\n3 rows in set (0.00 sec)\n```\n\n## Disabling explicit_defaults_for_timestamp variable and checking structure with not null\n\n``` bash\nmysql> CREATE TABLE `invoices_test` (\n-> `id` int,\n-> `updtd_dt` timestamp NOT NULL DEFAULT CURRENT_TIMESTAMP);\nQuery OK, 0 rows affected (0.04 sec)\n```\n\n``` bash\nmysql> insert into invoices_test (id,updtd_dt) values (1,null);\nQuery OK, 1 row affected (0.01 sec)\n\n```\n``` bash\nmysql> select * from invoices_test;\n+------+---------------------+\n| id | updtd_dt              |\n+------+---------------------+\n| 1 | 2023-03-08 06:00:29    |\n+------+---------------------+\n1 row in set (0.00 sec)\n```\n``` bash\nmysql> insert into invoices_test (id,updtd_dt) values (2,now());\nQuery OK, 1 row affected (0.01 sec)\nmysql> select * from invoices_test;\n+------+---------------------+\n| id | updtd_dt              |\n+------+---------------------+\n| 1 | 2023-03-08 06:00:29    |\n| 2 | 2023-03-08 06:01:15    |\n+------+---------------------+\n2 rows in set (0.00 sec)\n```\n``` bash\nmysql> insert into invoices_test (id) values (3);\nQuery OK, 1 row affected (0.01 sec)\nmysql> select * from invoices_test;\n+------+---------------------+\n| id | updtd_dt              |\n+------+---------------------+\n| 1 | 2023-03-08 06:00:29    |\n| 2 | 2023-03-08 06:01:15    |\n| 3 | 2023-03-08 06:01:28    |\n+------+---------------------+\n3 rows in set (0.00 sec)\n```","source":"_posts/Mysql-Timestamp.md","raw":"---\ntitle: MySQL 8 Timestamp behaviour with 0000\n---\n## Checking with null in table structure\n\n\n``` bash \nmysql> CREATE TABLE `test` (\n-> `id` int,\n-> `updtd_dt` timestamp NULL DEFAULT CURRENT_TIMESTAMP);\nQuery OK, 0 rows affected (0.05 sec)\n\n```\n``` bash \nmysql> insert into test (id,updtd_dt) values (1,null);\nQuery OK, 1 row affected (0.02 sec)\nmysql> select * from test;\n+------+----------+\n| id | updtd_dt   |\n+------+----------+\n| 1 | NULL        |\n+------+----------+\n1 row in set (0.00 sec)\n```\n``` bash \nmysql> insert into test (id,updtd_dt) values (2,now());\nQuery OK, 1 row affected (0.01 sec)\nmysql>\nmysql> select * from test;\n+------+---------------------+\n| id | updtd_dt              |\n+------+---------------------+\n| 1 | NULL                   |\n| 2 | 2023-03-08 05:47:15    |\n+------+---------------------+\n2 rows in set (0.00 sec)\n```\n``` bash \nmysql> insert into test (id) values (3);\nQuery OK, 1 row affected (0.01 sec)\nmysql> select * from test;\n+------+---------------------+\n| id | updtd_dt |            |\n+------+---------------------+\n| 1 | NULL                   |\n| 2 | 2023-03-08 05:47:15    |\n| 3 | 2023-03-08 05:47:27    |\n+------+---------------------+\n3 rows in set (0.00 sec)\n```\n\n## Checking with not null in table structure\n``` bash\nmysql> CREATE TABLE `invoices_test` (\n-> `id` int,\n-> `updtd_dt` timestamp NOT NULL DEFAULT CURRENT_TIMESTAMP);\nQuery OK, 0 rows affected (0.04 sec)\n```\n``` bash\nmysql> insert into invoices_test(id,updtd_dt) values (1,null);\nERROR 1048 (23000): Column 'updtd_dt' cannot be null\nmysql> insert into invoices_test(id,updtd_dt) values (1,now());\nQuery OK, 1 row affected (0.00 sec)\n```\n\n``` bash\nmysql> select * from invoices_test;\n+------+---------------------+\n| id | updtd_dt              |\n+------+---------------------+\n| 1 | 2023-03-08 05:54:29    |\n+------+---------------------+\n1 row in set (0.00 sec)\n```\n``` bash\nmysql> insert into invoices_test(id) values (2);\nQuery OK, 1 row affected (0.00 sec)\nmysql> select * from invoices_test;\n+------+---------------------+\n| id | updtd_dt              |\n+------+---------------------+\n| 1 | 2023-03-08 05:54:29    |\n| 2 | 2023-03-08 05:54:52    |\n+------+---------------------+\n2 rows in set (0.00 sec)\n```\n\n## Disabling explicit_defaults_for_timestamp variable and checking structure with null\n\n``` bash\nmysql> select @@explicit_defaults_for_timestamp;\n+-----------------------------------+\n| @@explicit_defaults_for_timestamp |\n+-----------------------------------+\n| 1                                 |\n+-----------------------------------+\n1 row in set (0.00 sec)\n```\n``` bash\nmysql> set explicit_defaults_for_timestamp=0;\nQuery OK, 0 rows affected, 1 warning (0.00 sec)\nmysql> select @@explicit_defaults_for_timestamp;\n+-----------------------------------+\n| @@explicit_defaults_for_timestamp |\n+-----------------------------------+\n| 0                                 |\n+-----------------------------------+\n1 row in set (0.00 sec)\n```\n``` bash\nmysql> CREATE TABLE `test` (\n-> `id` int,\n-> `updtd_dt` timestamp NULL DEFAULT CURRENT_TIMESTAMP);\nQuery OK, 0 rows affected (0.04 sec)\nmysql> insert into test(id,updtd_dt) values (1,null);\nQuery OK, 1 row affected (0.01 sec)\n```\n``` bash\nmysql> select * from test;\n+------+----------+\n| id | updtd_dt   |\n+------+----------+\n| 1 | NULL        |\n+------+----------+\n1 row in set (0.00 sec)\nmysql> insert into test(id,updtd_dt) values (2,now());\nQuery OK, 1 row affected (0.01 sec)\n```\n``` bash\nmysql> insert into test(id) values (3);\nQuery OK, 1 row affected (0.01 sec)\nmysql> select * from test;\n+------+---------------------+\n| id | updtd_dt              |\n+------+---------------------+\n| 1 | NULL                   |\n| 2 | 2023-03-08 05:58:38    |\n| 3 | 2023-03-08 05:58:48    |\n+------+---------------------+\n3 rows in set (0.00 sec)\n```\n\n## Disabling explicit_defaults_for_timestamp variable and checking structure with not null\n\n``` bash\nmysql> CREATE TABLE `invoices_test` (\n-> `id` int,\n-> `updtd_dt` timestamp NOT NULL DEFAULT CURRENT_TIMESTAMP);\nQuery OK, 0 rows affected (0.04 sec)\n```\n\n``` bash\nmysql> insert into invoices_test (id,updtd_dt) values (1,null);\nQuery OK, 1 row affected (0.01 sec)\n\n```\n``` bash\nmysql> select * from invoices_test;\n+------+---------------------+\n| id | updtd_dt              |\n+------+---------------------+\n| 1 | 2023-03-08 06:00:29    |\n+------+---------------------+\n1 row in set (0.00 sec)\n```\n``` bash\nmysql> insert into invoices_test (id,updtd_dt) values (2,now());\nQuery OK, 1 row affected (0.01 sec)\nmysql> select * from invoices_test;\n+------+---------------------+\n| id | updtd_dt              |\n+------+---------------------+\n| 1 | 2023-03-08 06:00:29    |\n| 2 | 2023-03-08 06:01:15    |\n+------+---------------------+\n2 rows in set (0.00 sec)\n```\n``` bash\nmysql> insert into invoices_test (id) values (3);\nQuery OK, 1 row affected (0.01 sec)\nmysql> select * from invoices_test;\n+------+---------------------+\n| id | updtd_dt              |\n+------+---------------------+\n| 1 | 2023-03-08 06:00:29    |\n| 2 | 2023-03-08 06:01:15    |\n| 3 | 2023-03-08 06:01:28    |\n+------+---------------------+\n3 rows in set (0.00 sec)\n```","slug":"Mysql-Timestamp","published":1,"date":"2023-03-23T05:58:30.838Z","updated":"2023-03-22T12:23:55.460Z","comments":1,"layout":"post","photos":[],"link":"","_id":"clfkpw8ou0000bgtx1hhfhu5s","content":"<h2 id=\"Checking-with-null-in-table-structure\"><a href=\"#Checking-with-null-in-table-structure\" class=\"headerlink\" title=\"Checking with null in table structure\"></a>Checking with null in table structure</h2><figure class=\"highlight bash\"><table><tr><td class=\"gutter\"><pre><span class=\"line\">1</span><br><span class=\"line\">2</span><br><span class=\"line\">3</span><br><span class=\"line\">4</span><br><span class=\"line\">5</span><br></pre></td><td class=\"code\"><pre><span class=\"line\">mysql&gt; CREATE TABLE `<span class=\"built_in\">test</span>` (</span><br><span class=\"line\">-&gt; `<span class=\"built_in\">id</span>` int,</span><br><span class=\"line\">-&gt; `updtd_dt` timestamp NULL DEFAULT CURRENT_TIMESTAMP);</span><br><span class=\"line\">Query OK, 0 rows affected (0.05 sec)</span><br><span class=\"line\"></span><br></pre></td></tr></table></figure>\n<figure class=\"highlight bash\"><table><tr><td class=\"gutter\"><pre><span class=\"line\">1</span><br><span class=\"line\">2</span><br><span class=\"line\">3</span><br><span class=\"line\">4</span><br><span class=\"line\">5</span><br><span class=\"line\">6</span><br><span class=\"line\">7</span><br><span class=\"line\">8</span><br><span class=\"line\">9</span><br></pre></td><td class=\"code\"><pre><span class=\"line\">mysql&gt; insert into <span class=\"built_in\">test</span> (<span class=\"built_in\">id</span>,updtd_dt) values (1,null);</span><br><span class=\"line\">Query OK, 1 row affected (0.02 sec)</span><br><span class=\"line\">mysql&gt; select * from <span class=\"built_in\">test</span>;</span><br><span class=\"line\">+------+----------+</span><br><span class=\"line\">| <span class=\"built_in\">id</span> | updtd_dt   |</span><br><span class=\"line\">+------+----------+</span><br><span class=\"line\">| 1 | NULL        |</span><br><span class=\"line\">+------+----------+</span><br><span class=\"line\">1 row <span class=\"keyword\">in</span> <span class=\"built_in\">set</span> (0.00 sec)</span><br></pre></td></tr></table></figure>\n<figure class=\"highlight bash\"><table><tr><td class=\"gutter\"><pre><span class=\"line\">1</span><br><span class=\"line\">2</span><br><span class=\"line\">3</span><br><span class=\"line\">4</span><br><span class=\"line\">5</span><br><span class=\"line\">6</span><br><span class=\"line\">7</span><br><span class=\"line\">8</span><br><span class=\"line\">9</span><br><span class=\"line\">10</span><br><span class=\"line\">11</span><br></pre></td><td class=\"code\"><pre><span class=\"line\">mysql&gt; insert into <span class=\"built_in\">test</span> (<span class=\"built_in\">id</span>,updtd_dt) values (2,now());</span><br><span class=\"line\">Query OK, 1 row affected (0.01 sec)</span><br><span class=\"line\">mysql&gt;</span><br><span class=\"line\">mysql&gt; select * from <span class=\"built_in\">test</span>;</span><br><span class=\"line\">+------+---------------------+</span><br><span class=\"line\">| <span class=\"built_in\">id</span> | updtd_dt              |</span><br><span class=\"line\">+------+---------------------+</span><br><span class=\"line\">| 1 | NULL                   |</span><br><span class=\"line\">| 2 | 2023-03-08 05:47:15    |</span><br><span class=\"line\">+------+---------------------+</span><br><span class=\"line\">2 rows <span class=\"keyword\">in</span> <span class=\"built_in\">set</span> (0.00 sec)</span><br></pre></td></tr></table></figure>\n<figure class=\"highlight bash\"><table><tr><td class=\"gutter\"><pre><span class=\"line\">1</span><br><span class=\"line\">2</span><br><span class=\"line\">3</span><br><span class=\"line\">4</span><br><span class=\"line\">5</span><br><span class=\"line\">6</span><br><span class=\"line\">7</span><br><span class=\"line\">8</span><br><span class=\"line\">9</span><br><span class=\"line\">10</span><br><span class=\"line\">11</span><br></pre></td><td class=\"code\"><pre><span class=\"line\">mysql&gt; insert into <span class=\"built_in\">test</span> (<span class=\"built_in\">id</span>) values (3);</span><br><span class=\"line\">Query OK, 1 row affected (0.01 sec)</span><br><span class=\"line\">mysql&gt; select * from <span class=\"built_in\">test</span>;</span><br><span class=\"line\">+------+---------------------+</span><br><span class=\"line\">| <span class=\"built_in\">id</span> | updtd_dt |            |</span><br><span class=\"line\">+------+---------------------+</span><br><span class=\"line\">| 1 | NULL                   |</span><br><span class=\"line\">| 2 | 2023-03-08 05:47:15    |</span><br><span class=\"line\">| 3 | 2023-03-08 05:47:27    |</span><br><span class=\"line\">+------+---------------------+</span><br><span class=\"line\">3 rows <span class=\"keyword\">in</span> <span class=\"built_in\">set</span> (0.00 sec)</span><br></pre></td></tr></table></figure>\n\n<h2 id=\"Checking-with-not-null-in-table-structure\"><a href=\"#Checking-with-not-null-in-table-structure\" class=\"headerlink\" title=\"Checking with not null in table structure\"></a>Checking with not null in table structure</h2><figure class=\"highlight bash\"><table><tr><td class=\"gutter\"><pre><span class=\"line\">1</span><br><span class=\"line\">2</span><br><span class=\"line\">3</span><br><span class=\"line\">4</span><br></pre></td><td class=\"code\"><pre><span class=\"line\">mysql&gt; CREATE TABLE `invoices_test` (</span><br><span class=\"line\">-&gt; `<span class=\"built_in\">id</span>` int,</span><br><span class=\"line\">-&gt; `updtd_dt` timestamp NOT NULL DEFAULT CURRENT_TIMESTAMP);</span><br><span class=\"line\">Query OK, 0 rows affected (0.04 sec)</span><br></pre></td></tr></table></figure>\n<figure class=\"highlight bash\"><table><tr><td class=\"gutter\"><pre><span class=\"line\">1</span><br><span class=\"line\">2</span><br><span class=\"line\">3</span><br><span class=\"line\">4</span><br></pre></td><td class=\"code\"><pre><span class=\"line\">mysql&gt; insert into invoices_test(<span class=\"built_in\">id</span>,updtd_dt) values (1,null);</span><br><span class=\"line\">ERROR 1048 (23000): Column <span class=\"string\">&#x27;updtd_dt&#x27;</span> cannot be null</span><br><span class=\"line\">mysql&gt; insert into invoices_test(<span class=\"built_in\">id</span>,updtd_dt) values (1,now());</span><br><span class=\"line\">Query OK, 1 row affected (0.00 sec)</span><br></pre></td></tr></table></figure>\n\n<figure class=\"highlight bash\"><table><tr><td class=\"gutter\"><pre><span class=\"line\">1</span><br><span class=\"line\">2</span><br><span class=\"line\">3</span><br><span class=\"line\">4</span><br><span class=\"line\">5</span><br><span class=\"line\">6</span><br><span class=\"line\">7</span><br></pre></td><td class=\"code\"><pre><span class=\"line\">mysql&gt; select * from invoices_test;</span><br><span class=\"line\">+------+---------------------+</span><br><span class=\"line\">| <span class=\"built_in\">id</span> | updtd_dt              |</span><br><span class=\"line\">+------+---------------------+</span><br><span class=\"line\">| 1 | 2023-03-08 05:54:29    |</span><br><span class=\"line\">+------+---------------------+</span><br><span class=\"line\">1 row <span class=\"keyword\">in</span> <span class=\"built_in\">set</span> (0.00 sec)</span><br></pre></td></tr></table></figure>\n<figure class=\"highlight bash\"><table><tr><td class=\"gutter\"><pre><span class=\"line\">1</span><br><span class=\"line\">2</span><br><span class=\"line\">3</span><br><span class=\"line\">4</span><br><span class=\"line\">5</span><br><span class=\"line\">6</span><br><span class=\"line\">7</span><br><span class=\"line\">8</span><br><span class=\"line\">9</span><br><span class=\"line\">10</span><br></pre></td><td class=\"code\"><pre><span class=\"line\">mysql&gt; insert into invoices_test(<span class=\"built_in\">id</span>) values (2);</span><br><span class=\"line\">Query OK, 1 row affected (0.00 sec)</span><br><span class=\"line\">mysql&gt; select * from invoices_test;</span><br><span class=\"line\">+------+---------------------+</span><br><span class=\"line\">| <span class=\"built_in\">id</span> | updtd_dt              |</span><br><span class=\"line\">+------+---------------------+</span><br><span class=\"line\">| 1 | 2023-03-08 05:54:29    |</span><br><span class=\"line\">| 2 | 2023-03-08 05:54:52    |</span><br><span class=\"line\">+------+---------------------+</span><br><span class=\"line\">2 rows <span class=\"keyword\">in</span> <span class=\"built_in\">set</span> (0.00 sec)</span><br></pre></td></tr></table></figure>\n\n<h2 id=\"Disabling-explicit-defaults-for-timestamp-variable-and-checking-structure-with-null\"><a href=\"#Disabling-explicit-defaults-for-timestamp-variable-and-checking-structure-with-null\" class=\"headerlink\" title=\"Disabling explicit_defaults_for_timestamp variable and checking structure with null\"></a>Disabling explicit_defaults_for_timestamp variable and checking structure with null</h2><figure class=\"highlight bash\"><table><tr><td class=\"gutter\"><pre><span class=\"line\">1</span><br><span class=\"line\">2</span><br><span class=\"line\">3</span><br><span class=\"line\">4</span><br><span class=\"line\">5</span><br><span class=\"line\">6</span><br><span class=\"line\">7</span><br></pre></td><td class=\"code\"><pre><span class=\"line\">mysql&gt; select @@explicit_defaults_for_timestamp;</span><br><span class=\"line\">+-----------------------------------+</span><br><span class=\"line\">| @@explicit_defaults_for_timestamp |</span><br><span class=\"line\">+-----------------------------------+</span><br><span class=\"line\">| 1                                 |</span><br><span class=\"line\">+-----------------------------------+</span><br><span class=\"line\">1 row <span class=\"keyword\">in</span> <span class=\"built_in\">set</span> (0.00 sec)</span><br></pre></td></tr></table></figure>\n<figure class=\"highlight bash\"><table><tr><td class=\"gutter\"><pre><span class=\"line\">1</span><br><span class=\"line\">2</span><br><span class=\"line\">3</span><br><span class=\"line\">4</span><br><span class=\"line\">5</span><br><span class=\"line\">6</span><br><span class=\"line\">7</span><br><span class=\"line\">8</span><br><span class=\"line\">9</span><br></pre></td><td class=\"code\"><pre><span class=\"line\">mysql&gt; <span class=\"built_in\">set</span> explicit_defaults_for_timestamp=0;</span><br><span class=\"line\">Query OK, 0 rows affected, 1 warning (0.00 sec)</span><br><span class=\"line\">mysql&gt; select @@explicit_defaults_for_timestamp;</span><br><span class=\"line\">+-----------------------------------+</span><br><span class=\"line\">| @@explicit_defaults_for_timestamp |</span><br><span class=\"line\">+-----------------------------------+</span><br><span class=\"line\">| 0                                 |</span><br><span class=\"line\">+-----------------------------------+</span><br><span class=\"line\">1 row <span class=\"keyword\">in</span> <span class=\"built_in\">set</span> (0.00 sec)</span><br></pre></td></tr></table></figure>\n<figure class=\"highlight bash\"><table><tr><td class=\"gutter\"><pre><span class=\"line\">1</span><br><span class=\"line\">2</span><br><span class=\"line\">3</span><br><span class=\"line\">4</span><br><span class=\"line\">5</span><br><span class=\"line\">6</span><br></pre></td><td class=\"code\"><pre><span class=\"line\">mysql&gt; CREATE TABLE `<span class=\"built_in\">test</span>` (</span><br><span class=\"line\">-&gt; `<span class=\"built_in\">id</span>` int,</span><br><span class=\"line\">-&gt; `updtd_dt` timestamp NULL DEFAULT CURRENT_TIMESTAMP);</span><br><span class=\"line\">Query OK, 0 rows affected (0.04 sec)</span><br><span class=\"line\">mysql&gt; insert into <span class=\"built_in\">test</span>(<span class=\"built_in\">id</span>,updtd_dt) values (1,null);</span><br><span class=\"line\">Query OK, 1 row affected (0.01 sec)</span><br></pre></td></tr></table></figure>\n<figure class=\"highlight bash\"><table><tr><td class=\"gutter\"><pre><span class=\"line\">1</span><br><span class=\"line\">2</span><br><span class=\"line\">3</span><br><span class=\"line\">4</span><br><span class=\"line\">5</span><br><span class=\"line\">6</span><br><span class=\"line\">7</span><br><span class=\"line\">8</span><br><span class=\"line\">9</span><br></pre></td><td class=\"code\"><pre><span class=\"line\">mysql&gt; select * from <span class=\"built_in\">test</span>;</span><br><span class=\"line\">+------+----------+</span><br><span class=\"line\">| <span class=\"built_in\">id</span> | updtd_dt   |</span><br><span class=\"line\">+------+----------+</span><br><span class=\"line\">| 1 | NULL        |</span><br><span class=\"line\">+------+----------+</span><br><span class=\"line\">1 row <span class=\"keyword\">in</span> <span class=\"built_in\">set</span> (0.00 sec)</span><br><span class=\"line\">mysql&gt; insert into <span class=\"built_in\">test</span>(<span class=\"built_in\">id</span>,updtd_dt) values (2,now());</span><br><span class=\"line\">Query OK, 1 row affected (0.01 sec)</span><br></pre></td></tr></table></figure>\n<figure class=\"highlight bash\"><table><tr><td class=\"gutter\"><pre><span class=\"line\">1</span><br><span class=\"line\">2</span><br><span class=\"line\">3</span><br><span class=\"line\">4</span><br><span class=\"line\">5</span><br><span class=\"line\">6</span><br><span class=\"line\">7</span><br><span class=\"line\">8</span><br><span class=\"line\">9</span><br><span class=\"line\">10</span><br><span class=\"line\">11</span><br></pre></td><td class=\"code\"><pre><span class=\"line\">mysql&gt; insert into <span class=\"built_in\">test</span>(<span class=\"built_in\">id</span>) values (3);</span><br><span class=\"line\">Query OK, 1 row affected (0.01 sec)</span><br><span class=\"line\">mysql&gt; select * from <span class=\"built_in\">test</span>;</span><br><span class=\"line\">+------+---------------------+</span><br><span class=\"line\">| <span class=\"built_in\">id</span> | updtd_dt              |</span><br><span class=\"line\">+------+---------------------+</span><br><span class=\"line\">| 1 | NULL                   |</span><br><span class=\"line\">| 2 | 2023-03-08 05:58:38    |</span><br><span class=\"line\">| 3 | 2023-03-08 05:58:48    |</span><br><span class=\"line\">+------+---------------------+</span><br><span class=\"line\">3 rows <span class=\"keyword\">in</span> <span class=\"built_in\">set</span> (0.00 sec)</span><br></pre></td></tr></table></figure>\n\n<h2 id=\"Disabling-explicit-defaults-for-timestamp-variable-and-checking-structure-with-not-null\"><a href=\"#Disabling-explicit-defaults-for-timestamp-variable-and-checking-structure-with-not-null\" class=\"headerlink\" title=\"Disabling explicit_defaults_for_timestamp variable and checking structure with not null\"></a>Disabling explicit_defaults_for_timestamp variable and checking structure with not null</h2><figure class=\"highlight bash\"><table><tr><td class=\"gutter\"><pre><span class=\"line\">1</span><br><span class=\"line\">2</span><br><span class=\"line\">3</span><br><span class=\"line\">4</span><br></pre></td><td class=\"code\"><pre><span class=\"line\">mysql&gt; CREATE TABLE `invoices_test` (</span><br><span class=\"line\">-&gt; `<span class=\"built_in\">id</span>` int,</span><br><span class=\"line\">-&gt; `updtd_dt` timestamp NOT NULL DEFAULT CURRENT_TIMESTAMP);</span><br><span class=\"line\">Query OK, 0 rows affected (0.04 sec)</span><br></pre></td></tr></table></figure>\n\n<figure class=\"highlight bash\"><table><tr><td class=\"gutter\"><pre><span class=\"line\">1</span><br><span class=\"line\">2</span><br><span class=\"line\">3</span><br></pre></td><td class=\"code\"><pre><span class=\"line\">mysql&gt; insert into invoices_test (<span class=\"built_in\">id</span>,updtd_dt) values (1,null);</span><br><span class=\"line\">Query OK, 1 row affected (0.01 sec)</span><br><span class=\"line\"></span><br></pre></td></tr></table></figure>\n<figure class=\"highlight bash\"><table><tr><td class=\"gutter\"><pre><span class=\"line\">1</span><br><span class=\"line\">2</span><br><span class=\"line\">3</span><br><span class=\"line\">4</span><br><span class=\"line\">5</span><br><span class=\"line\">6</span><br><span class=\"line\">7</span><br></pre></td><td class=\"code\"><pre><span class=\"line\">mysql&gt; select * from invoices_test;</span><br><span class=\"line\">+------+---------------------+</span><br><span class=\"line\">| <span class=\"built_in\">id</span> | updtd_dt              |</span><br><span class=\"line\">+------+---------------------+</span><br><span class=\"line\">| 1 | 2023-03-08 06:00:29    |</span><br><span class=\"line\">+------+---------------------+</span><br><span class=\"line\">1 row <span class=\"keyword\">in</span> <span class=\"built_in\">set</span> (0.00 sec)</span><br></pre></td></tr></table></figure>\n<figure class=\"highlight bash\"><table><tr><td class=\"gutter\"><pre><span class=\"line\">1</span><br><span class=\"line\">2</span><br><span class=\"line\">3</span><br><span class=\"line\">4</span><br><span class=\"line\">5</span><br><span class=\"line\">6</span><br><span class=\"line\">7</span><br><span class=\"line\">8</span><br><span class=\"line\">9</span><br><span class=\"line\">10</span><br></pre></td><td class=\"code\"><pre><span class=\"line\">mysql&gt; insert into invoices_test (<span class=\"built_in\">id</span>,updtd_dt) values (2,now());</span><br><span class=\"line\">Query OK, 1 row affected (0.01 sec)</span><br><span class=\"line\">mysql&gt; select * from invoices_test;</span><br><span class=\"line\">+------+---------------------+</span><br><span class=\"line\">| <span class=\"built_in\">id</span> | updtd_dt              |</span><br><span class=\"line\">+------+---------------------+</span><br><span class=\"line\">| 1 | 2023-03-08 06:00:29    |</span><br><span class=\"line\">| 2 | 2023-03-08 06:01:15    |</span><br><span class=\"line\">+------+---------------------+</span><br><span class=\"line\">2 rows <span class=\"keyword\">in</span> <span class=\"built_in\">set</span> (0.00 sec)</span><br></pre></td></tr></table></figure>\n<figure class=\"highlight bash\"><table><tr><td class=\"gutter\"><pre><span class=\"line\">1</span><br><span class=\"line\">2</span><br><span class=\"line\">3</span><br><span class=\"line\">4</span><br><span class=\"line\">5</span><br><span class=\"line\">6</span><br><span class=\"line\">7</span><br><span class=\"line\">8</span><br><span class=\"line\">9</span><br><span class=\"line\">10</span><br><span class=\"line\">11</span><br></pre></td><td class=\"code\"><pre><span class=\"line\">mysql&gt; insert into invoices_test (<span class=\"built_in\">id</span>) values (3);</span><br><span class=\"line\">Query OK, 1 row affected (0.01 sec)</span><br><span class=\"line\">mysql&gt; select * from invoices_test;</span><br><span class=\"line\">+------+---------------------+</span><br><span class=\"line\">| <span class=\"built_in\">id</span> | updtd_dt              |</span><br><span class=\"line\">+------+---------------------+</span><br><span class=\"line\">| 1 | 2023-03-08 06:00:29    |</span><br><span class=\"line\">| 2 | 2023-03-08 06:01:15    |</span><br><span class=\"line\">| 3 | 2023-03-08 06:01:28    |</span><br><span class=\"line\">+------+---------------------+</span><br><span class=\"line\">3 rows <span class=\"keyword\">in</span> <span class=\"built_in\">set</span> (0.00 sec)</span><br></pre></td></tr></table></figure>","site":{"data":{}},"excerpt":"","more":"<h2 id=\"Checking-with-null-in-table-structure\"><a href=\"#Checking-with-null-in-table-structure\" class=\"headerlink\" title=\"Checking with null in table structure\"></a>Checking with null in table structure</h2><figure class=\"highlight bash\"><table><tr><td class=\"gutter\"><pre><span class=\"line\">1</span><br><span class=\"line\">2</span><br><span class=\"line\">3</span><br><span class=\"line\">4</span><br><span class=\"line\">5</span><br></pre></td><td class=\"code\"><pre><span class=\"line\">mysql&gt; CREATE TABLE `<span class=\"built_in\">test</span>` (</span><br><span class=\"line\">-&gt; `<span class=\"built_in\">id</span>` int,</span><br><span class=\"line\">-&gt; `updtd_dt` timestamp NULL DEFAULT CURRENT_TIMESTAMP);</span><br><span class=\"line\">Query OK, 0 rows affected (0.05 sec)</span><br><span class=\"line\"></span><br></pre></td></tr></table></figure>\n<figure class=\"highlight bash\"><table><tr><td class=\"gutter\"><pre><span class=\"line\">1</span><br><span class=\"line\">2</span><br><span class=\"line\">3</span><br><span class=\"line\">4</span><br><span class=\"line\">5</span><br><span class=\"line\">6</span><br><span class=\"line\">7</span><br><span class=\"line\">8</span><br><span class=\"line\">9</span><br></pre></td><td class=\"code\"><pre><span class=\"line\">mysql&gt; insert into <span class=\"built_in\">test</span> (<span class=\"built_in\">id</span>,updtd_dt) values (1,null);</span><br><span class=\"line\">Query OK, 1 row affected (0.02 sec)</span><br><span class=\"line\">mysql&gt; select * from <span class=\"built_in\">test</span>;</span><br><span class=\"line\">+------+----------+</span><br><span class=\"line\">| <span class=\"built_in\">id</span> | updtd_dt   |</span><br><span class=\"line\">+------+----------+</span><br><span class=\"line\">| 1 | NULL        |</span><br><span class=\"line\">+------+----------+</span><br><span class=\"line\">1 row <span class=\"keyword\">in</span> <span class=\"built_in\">set</span> (0.00 sec)</span><br></pre></td></tr></table></figure>\n<figure class=\"highlight bash\"><table><tr><td class=\"gutter\"><pre><span class=\"line\">1</span><br><span class=\"line\">2</span><br><span class=\"line\">3</span><br><span class=\"line\">4</span><br><span class=\"line\">5</span><br><span class=\"line\">6</span><br><span class=\"line\">7</span><br><span class=\"line\">8</span><br><span class=\"line\">9</span><br><span class=\"line\">10</span><br><span class=\"line\">11</span><br></pre></td><td class=\"code\"><pre><span class=\"line\">mysql&gt; insert into <span class=\"built_in\">test</span> (<span class=\"built_in\">id</span>,updtd_dt) values (2,now());</span><br><span class=\"line\">Query OK, 1 row affected (0.01 sec)</span><br><span class=\"line\">mysql&gt;</span><br><span class=\"line\">mysql&gt; select * from <span class=\"built_in\">test</span>;</span><br><span class=\"line\">+------+---------------------+</span><br><span class=\"line\">| <span class=\"built_in\">id</span> | updtd_dt              |</span><br><span class=\"line\">+------+---------------------+</span><br><span class=\"line\">| 1 | NULL                   |</span><br><span class=\"line\">| 2 | 2023-03-08 05:47:15    |</span><br><span class=\"line\">+------+---------------------+</span><br><span class=\"line\">2 rows <span class=\"keyword\">in</span> <span class=\"built_in\">set</span> (0.00 sec)</span><br></pre></td></tr></table></figure>\n<figure class=\"highlight bash\"><table><tr><td class=\"gutter\"><pre><span class=\"line\">1</span><br><span class=\"line\">2</span><br><span class=\"line\">3</span><br><span class=\"line\">4</span><br><span class=\"line\">5</span><br><span class=\"line\">6</span><br><span class=\"line\">7</span><br><span class=\"line\">8</span><br><span class=\"line\">9</span><br><span class=\"line\">10</span><br><span class=\"line\">11</span><br></pre></td><td class=\"code\"><pre><span class=\"line\">mysql&gt; insert into <span class=\"built_in\">test</span> (<span class=\"built_in\">id</span>) values (3);</span><br><span class=\"line\">Query OK, 1 row affected (0.01 sec)</span><br><span class=\"line\">mysql&gt; select * from <span class=\"built_in\">test</span>;</span><br><span class=\"line\">+------+---------------------+</span><br><span class=\"line\">| <span class=\"built_in\">id</span> | updtd_dt |            |</span><br><span class=\"line\">+------+---------------------+</span><br><span class=\"line\">| 1 | NULL                   |</span><br><span class=\"line\">| 2 | 2023-03-08 05:47:15    |</span><br><span class=\"line\">| 3 | 2023-03-08 05:47:27    |</span><br><span class=\"line\">+------+---------------------+</span><br><span class=\"line\">3 rows <span class=\"keyword\">in</span> <span class=\"built_in\">set</span> (0.00 sec)</span><br></pre></td></tr></table></figure>\n\n<h2 id=\"Checking-with-not-null-in-table-structure\"><a href=\"#Checking-with-not-null-in-table-structure\" class=\"headerlink\" title=\"Checking with not null in table structure\"></a>Checking with not null in table structure</h2><figure class=\"highlight bash\"><table><tr><td class=\"gutter\"><pre><span class=\"line\">1</span><br><span class=\"line\">2</span><br><span class=\"line\">3</span><br><span class=\"line\">4</span><br></pre></td><td class=\"code\"><pre><span class=\"line\">mysql&gt; CREATE TABLE `invoices_test` (</span><br><span class=\"line\">-&gt; `<span class=\"built_in\">id</span>` int,</span><br><span class=\"line\">-&gt; `updtd_dt` timestamp NOT NULL DEFAULT CURRENT_TIMESTAMP);</span><br><span class=\"line\">Query OK, 0 rows affected (0.04 sec)</span><br></pre></td></tr></table></figure>\n<figure class=\"highlight bash\"><table><tr><td class=\"gutter\"><pre><span class=\"line\">1</span><br><span class=\"line\">2</span><br><span class=\"line\">3</span><br><span class=\"line\">4</span><br></pre></td><td class=\"code\"><pre><span class=\"line\">mysql&gt; insert into invoices_test(<span class=\"built_in\">id</span>,updtd_dt) values (1,null);</span><br><span class=\"line\">ERROR 1048 (23000): Column <span class=\"string\">&#x27;updtd_dt&#x27;</span> cannot be null</span><br><span class=\"line\">mysql&gt; insert into invoices_test(<span class=\"built_in\">id</span>,updtd_dt) values (1,now());</span><br><span class=\"line\">Query OK, 1 row affected (0.00 sec)</span><br></pre></td></tr></table></figure>\n\n<figure class=\"highlight bash\"><table><tr><td class=\"gutter\"><pre><span class=\"line\">1</span><br><span class=\"line\">2</span><br><span class=\"line\">3</span><br><span class=\"line\">4</span><br><span class=\"line\">5</span><br><span class=\"line\">6</span><br><span class=\"line\">7</span><br></pre></td><td class=\"code\"><pre><span class=\"line\">mysql&gt; select * from invoices_test;</span><br><span class=\"line\">+------+---------------------+</span><br><span class=\"line\">| <span class=\"built_in\">id</span> | updtd_dt              |</span><br><span class=\"line\">+------+---------------------+</span><br><span class=\"line\">| 1 | 2023-03-08 05:54:29    |</span><br><span class=\"line\">+------+---------------------+</span><br><span class=\"line\">1 row <span class=\"keyword\">in</span> <span class=\"built_in\">set</span> (0.00 sec)</span><br></pre></td></tr></table></figure>\n<figure class=\"highlight bash\"><table><tr><td class=\"gutter\"><pre><span class=\"line\">1</span><br><span class=\"line\">2</span><br><span class=\"line\">3</span><br><span class=\"line\">4</span><br><span class=\"line\">5</span><br><span class=\"line\">6</span><br><span class=\"line\">7</span><br><span class=\"line\">8</span><br><span class=\"line\">9</span><br><span class=\"line\">10</span><br></pre></td><td class=\"code\"><pre><span class=\"line\">mysql&gt; insert into invoices_test(<span class=\"built_in\">id</span>) values (2);</span><br><span class=\"line\">Query OK, 1 row affected (0.00 sec)</span><br><span class=\"line\">mysql&gt; select * from invoices_test;</span><br><span class=\"line\">+------+---------------------+</span><br><span class=\"line\">| <span class=\"built_in\">id</span> | updtd_dt              |</span><br><span class=\"line\">+------+---------------------+</span><br><span class=\"line\">| 1 | 2023-03-08 05:54:29    |</span><br><span class=\"line\">| 2 | 2023-03-08 05:54:52    |</span><br><span class=\"line\">+------+---------------------+</span><br><span class=\"line\">2 rows <span class=\"keyword\">in</span> <span class=\"built_in\">set</span> (0.00 sec)</span><br></pre></td></tr></table></figure>\n\n<h2 id=\"Disabling-explicit-defaults-for-timestamp-variable-and-checking-structure-with-null\"><a href=\"#Disabling-explicit-defaults-for-timestamp-variable-and-checking-structure-with-null\" class=\"headerlink\" title=\"Disabling explicit_defaults_for_timestamp variable and checking structure with null\"></a>Disabling explicit_defaults_for_timestamp variable and checking structure with null</h2><figure class=\"highlight bash\"><table><tr><td class=\"gutter\"><pre><span class=\"line\">1</span><br><span class=\"line\">2</span><br><span class=\"line\">3</span><br><span class=\"line\">4</span><br><span class=\"line\">5</span><br><span class=\"line\">6</span><br><span class=\"line\">7</span><br></pre></td><td class=\"code\"><pre><span class=\"line\">mysql&gt; select @@explicit_defaults_for_timestamp;</span><br><span class=\"line\">+-----------------------------------+</span><br><span class=\"line\">| @@explicit_defaults_for_timestamp |</span><br><span class=\"line\">+-----------------------------------+</span><br><span class=\"line\">| 1                                 |</span><br><span class=\"line\">+-----------------------------------+</span><br><span class=\"line\">1 row <span class=\"keyword\">in</span> <span class=\"built_in\">set</span> (0.00 sec)</span><br></pre></td></tr></table></figure>\n<figure class=\"highlight bash\"><table><tr><td class=\"gutter\"><pre><span class=\"line\">1</span><br><span class=\"line\">2</span><br><span class=\"line\">3</span><br><span class=\"line\">4</span><br><span class=\"line\">5</span><br><span class=\"line\">6</span><br><span class=\"line\">7</span><br><span class=\"line\">8</span><br><span class=\"line\">9</span><br></pre></td><td class=\"code\"><pre><span class=\"line\">mysql&gt; <span class=\"built_in\">set</span> explicit_defaults_for_timestamp=0;</span><br><span class=\"line\">Query OK, 0 rows affected, 1 warning (0.00 sec)</span><br><span class=\"line\">mysql&gt; select @@explicit_defaults_for_timestamp;</span><br><span class=\"line\">+-----------------------------------+</span><br><span class=\"line\">| @@explicit_defaults_for_timestamp |</span><br><span class=\"line\">+-----------------------------------+</span><br><span class=\"line\">| 0                                 |</span><br><span class=\"line\">+-----------------------------------+</span><br><span class=\"line\">1 row <span class=\"keyword\">in</span> <span class=\"built_in\">set</span> (0.00 sec)</span><br></pre></td></tr></table></figure>\n<figure class=\"highlight bash\"><table><tr><td class=\"gutter\"><pre><span class=\"line\">1</span><br><span class=\"line\">2</span><br><span class=\"line\">3</span><br><span class=\"line\">4</span><br><span class=\"line\">5</span><br><span class=\"line\">6</span><br></pre></td><td class=\"code\"><pre><span class=\"line\">mysql&gt; CREATE TABLE `<span class=\"built_in\">test</span>` (</span><br><span class=\"line\">-&gt; `<span class=\"built_in\">id</span>` int,</span><br><span class=\"line\">-&gt; `updtd_dt` timestamp NULL DEFAULT CURRENT_TIMESTAMP);</span><br><span class=\"line\">Query OK, 0 rows affected (0.04 sec)</span><br><span class=\"line\">mysql&gt; insert into <span class=\"built_in\">test</span>(<span class=\"built_in\">id</span>,updtd_dt) values (1,null);</span><br><span class=\"line\">Query OK, 1 row affected (0.01 sec)</span><br></pre></td></tr></table></figure>\n<figure class=\"highlight bash\"><table><tr><td class=\"gutter\"><pre><span class=\"line\">1</span><br><span class=\"line\">2</span><br><span class=\"line\">3</span><br><span class=\"line\">4</span><br><span class=\"line\">5</span><br><span class=\"line\">6</span><br><span class=\"line\">7</span><br><span class=\"line\">8</span><br><span class=\"line\">9</span><br></pre></td><td class=\"code\"><pre><span class=\"line\">mysql&gt; select * from <span class=\"built_in\">test</span>;</span><br><span class=\"line\">+------+----------+</span><br><span class=\"line\">| <span class=\"built_in\">id</span> | updtd_dt   |</span><br><span class=\"line\">+------+----------+</span><br><span class=\"line\">| 1 | NULL        |</span><br><span class=\"line\">+------+----------+</span><br><span class=\"line\">1 row <span class=\"keyword\">in</span> <span class=\"built_in\">set</span> (0.00 sec)</span><br><span class=\"line\">mysql&gt; insert into <span class=\"built_in\">test</span>(<span class=\"built_in\">id</span>,updtd_dt) values (2,now());</span><br><span class=\"line\">Query OK, 1 row affected (0.01 sec)</span><br></pre></td></tr></table></figure>\n<figure class=\"highlight bash\"><table><tr><td class=\"gutter\"><pre><span class=\"line\">1</span><br><span class=\"line\">2</span><br><span class=\"line\">3</span><br><span class=\"line\">4</span><br><span class=\"line\">5</span><br><span class=\"line\">6</span><br><span class=\"line\">7</span><br><span class=\"line\">8</span><br><span class=\"line\">9</span><br><span class=\"line\">10</span><br><span class=\"line\">11</span><br></pre></td><td class=\"code\"><pre><span class=\"line\">mysql&gt; insert into <span class=\"built_in\">test</span>(<span class=\"built_in\">id</span>) values (3);</span><br><span class=\"line\">Query OK, 1 row affected (0.01 sec)</span><br><span class=\"line\">mysql&gt; select * from <span class=\"built_in\">test</span>;</span><br><span class=\"line\">+------+---------------------+</span><br><span class=\"line\">| <span class=\"built_in\">id</span> | updtd_dt              |</span><br><span class=\"line\">+------+---------------------+</span><br><span class=\"line\">| 1 | NULL                   |</span><br><span class=\"line\">| 2 | 2023-03-08 05:58:38    |</span><br><span class=\"line\">| 3 | 2023-03-08 05:58:48    |</span><br><span class=\"line\">+------+---------------------+</span><br><span class=\"line\">3 rows <span class=\"keyword\">in</span> <span class=\"built_in\">set</span> (0.00 sec)</span><br></pre></td></tr></table></figure>\n\n<h2 id=\"Disabling-explicit-defaults-for-timestamp-variable-and-checking-structure-with-not-null\"><a href=\"#Disabling-explicit-defaults-for-timestamp-variable-and-checking-structure-with-not-null\" class=\"headerlink\" title=\"Disabling explicit_defaults_for_timestamp variable and checking structure with not null\"></a>Disabling explicit_defaults_for_timestamp variable and checking structure with not null</h2><figure class=\"highlight bash\"><table><tr><td class=\"gutter\"><pre><span class=\"line\">1</span><br><span class=\"line\">2</span><br><span class=\"line\">3</span><br><span class=\"line\">4</span><br></pre></td><td class=\"code\"><pre><span class=\"line\">mysql&gt; CREATE TABLE `invoices_test` (</span><br><span class=\"line\">-&gt; `<span class=\"built_in\">id</span>` int,</span><br><span class=\"line\">-&gt; `updtd_dt` timestamp NOT NULL DEFAULT CURRENT_TIMESTAMP);</span><br><span class=\"line\">Query OK, 0 rows affected (0.04 sec)</span><br></pre></td></tr></table></figure>\n\n<figure class=\"highlight bash\"><table><tr><td class=\"gutter\"><pre><span class=\"line\">1</span><br><span class=\"line\">2</span><br><span class=\"line\">3</span><br></pre></td><td class=\"code\"><pre><span class=\"line\">mysql&gt; insert into invoices_test (<span class=\"built_in\">id</span>,updtd_dt) values (1,null);</span><br><span class=\"line\">Query OK, 1 row affected (0.01 sec)</span><br><span class=\"line\"></span><br></pre></td></tr></table></figure>\n<figure class=\"highlight bash\"><table><tr><td class=\"gutter\"><pre><span class=\"line\">1</span><br><span class=\"line\">2</span><br><span class=\"line\">3</span><br><span class=\"line\">4</span><br><span class=\"line\">5</span><br><span class=\"line\">6</span><br><span class=\"line\">7</span><br></pre></td><td class=\"code\"><pre><span class=\"line\">mysql&gt; select * from invoices_test;</span><br><span class=\"line\">+------+---------------------+</span><br><span class=\"line\">| <span class=\"built_in\">id</span> | updtd_dt              |</span><br><span class=\"line\">+------+---------------------+</span><br><span class=\"line\">| 1 | 2023-03-08 06:00:29    |</span><br><span class=\"line\">+------+---------------------+</span><br><span class=\"line\">1 row <span class=\"keyword\">in</span> <span class=\"built_in\">set</span> (0.00 sec)</span><br></pre></td></tr></table></figure>\n<figure class=\"highlight bash\"><table><tr><td class=\"gutter\"><pre><span class=\"line\">1</span><br><span class=\"line\">2</span><br><span class=\"line\">3</span><br><span class=\"line\">4</span><br><span class=\"line\">5</span><br><span class=\"line\">6</span><br><span class=\"line\">7</span><br><span class=\"line\">8</span><br><span class=\"line\">9</span><br><span class=\"line\">10</span><br></pre></td><td class=\"code\"><pre><span class=\"line\">mysql&gt; insert into invoices_test (<span class=\"built_in\">id</span>,updtd_dt) values (2,now());</span><br><span class=\"line\">Query OK, 1 row affected (0.01 sec)</span><br><span class=\"line\">mysql&gt; select * from invoices_test;</span><br><span class=\"line\">+------+---------------------+</span><br><span class=\"line\">| <span class=\"built_in\">id</span> | updtd_dt              |</span><br><span class=\"line\">+------+---------------------+</span><br><span class=\"line\">| 1 | 2023-03-08 06:00:29    |</span><br><span class=\"line\">| 2 | 2023-03-08 06:01:15    |</span><br><span class=\"line\">+------+---------------------+</span><br><span class=\"line\">2 rows <span class=\"keyword\">in</span> <span class=\"built_in\">set</span> (0.00 sec)</span><br></pre></td></tr></table></figure>\n<figure class=\"highlight bash\"><table><tr><td class=\"gutter\"><pre><span class=\"line\">1</span><br><span class=\"line\">2</span><br><span class=\"line\">3</span><br><span class=\"line\">4</span><br><span class=\"line\">5</span><br><span class=\"line\">6</span><br><span class=\"line\">7</span><br><span class=\"line\">8</span><br><span class=\"line\">9</span><br><span class=\"line\">10</span><br><span class=\"line\">11</span><br></pre></td><td class=\"code\"><pre><span class=\"line\">mysql&gt; insert into invoices_test (<span class=\"built_in\">id</span>) values (3);</span><br><span class=\"line\">Query OK, 1 row affected (0.01 sec)</span><br><span class=\"line\">mysql&gt; select * from invoices_test;</span><br><span class=\"line\">+------+---------------------+</span><br><span class=\"line\">| <span class=\"built_in\">id</span> | updtd_dt              |</span><br><span class=\"line\">+------+---------------------+</span><br><span class=\"line\">| 1 | 2023-03-08 06:00:29    |</span><br><span class=\"line\">| 2 | 2023-03-08 06:01:15    |</span><br><span class=\"line\">| 3 | 2023-03-08 06:01:28    |</span><br><span class=\"line\">+------+---------------------+</span><br><span class=\"line\">3 rows <span class=\"keyword\">in</span> <span class=\"built_in\">set</span> (0.00 sec)</span><br></pre></td></tr></table></figure>"},{"title":"Percona","_content":"\n### True open source\nFree from locked-in licenses or commercial upsells. Our products are open source, enterprise-ready, and backed by 24/7 support and on-demand services. Youll always own access and availability of your data.\n### Multi-database ready\nMultiple databases for thousands of customers of all sizes and scale? All in a days work. We handle multi-database complexities so you dont have to\n### Innovate faster\nScale with speed, develop with velocity, and exceed customer expectations without worrying if your database infrastructure will be able to keep up.\n### Deploy anywhere\nRun your database wherever you want, whenever you want. Our expertise and open source software help you manage your database environment on any infrastructure.\n\n","source":"_posts/percona.md","raw":"---\ntitle: Percona\n---\n\n### True open source\nFree from locked-in licenses or commercial upsells. Our products are open source, enterprise-ready, and backed by 24/7 support and on-demand services. Youll always own access and availability of your data.\n### Multi-database ready\nMultiple databases for thousands of customers of all sizes and scale? All in a days work. We handle multi-database complexities so you dont have to\n### Innovate faster\nScale with speed, develop with velocity, and exceed customer expectations without worrying if your database infrastructure will be able to keep up.\n### Deploy anywhere\nRun your database wherever you want, whenever you want. Our expertise and open source software help you manage your database environment on any infrastructure.\n\n","slug":"percona","published":1,"date":"2023-03-23T05:58:30.838Z","updated":"2023-03-18T05:23:21.637Z","comments":1,"layout":"post","photos":[],"link":"","_id":"clfkpw8p50001bgtx1zdmh4ad","content":"<h3 id=\"True-open-source\"><a href=\"#True-open-source\" class=\"headerlink\" title=\"True open source\"></a>True open source</h3><p>Free from locked-in licenses or commercial upsells. Our products are open source, enterprise-ready, and backed by 24&#x2F;7 support and on-demand services. Youll always own access and availability of your data.</p>\n<h3 id=\"Multi-database-ready\"><a href=\"#Multi-database-ready\" class=\"headerlink\" title=\"Multi-database ready\"></a>Multi-database ready</h3><p>Multiple databases for thousands of customers of all sizes and scale? All in a days work. We handle multi-database complexities so you dont have to</p>\n<h3 id=\"Innovate-faster\"><a href=\"#Innovate-faster\" class=\"headerlink\" title=\"Innovate faster\"></a>Innovate faster</h3><p>Scale with speed, develop with velocity, and exceed customer expectations without worrying if your database infrastructure will be able to keep up.</p>\n<h3 id=\"Deploy-anywhere\"><a href=\"#Deploy-anywhere\" class=\"headerlink\" title=\"Deploy anywhere\"></a>Deploy anywhere</h3><p>Run your database wherever you want, whenever you want. Our expertise and open source software help you manage your database environment on any infrastructure.</p>\n","site":{"data":{}},"excerpt":"","more":"<h3 id=\"True-open-source\"><a href=\"#True-open-source\" class=\"headerlink\" title=\"True open source\"></a>True open source</h3><p>Free from locked-in licenses or commercial upsells. Our products are open source, enterprise-ready, and backed by 24&#x2F;7 support and on-demand services. Youll always own access and availability of your data.</p>\n<h3 id=\"Multi-database-ready\"><a href=\"#Multi-database-ready\" class=\"headerlink\" title=\"Multi-database ready\"></a>Multi-database ready</h3><p>Multiple databases for thousands of customers of all sizes and scale? All in a days work. We handle multi-database complexities so you dont have to</p>\n<h3 id=\"Innovate-faster\"><a href=\"#Innovate-faster\" class=\"headerlink\" title=\"Innovate faster\"></a>Innovate faster</h3><p>Scale with speed, develop with velocity, and exceed customer expectations without worrying if your database infrastructure will be able to keep up.</p>\n<h3 id=\"Deploy-anywhere\"><a href=\"#Deploy-anywhere\" class=\"headerlink\" title=\"Deploy anywhere\"></a>Deploy anywhere</h3><p>Run your database wherever you want, whenever you want. Our expertise and open source software help you manage your database environment on any infrastructure.</p>\n"},{"title":"Hello World","_content":"Welcome to [Hexo](https://hexo.io/)! This is your very first post. Check [documentation](https://hexo.io/docs/) for more info. If you get any problems when using Hexo, you can find the answer in [troubleshooting](https://hexo.io/docs/troubleshooting.html) or you can ask me on [GitHub](https://github.com/hexojs/hexo/issues).\n\n## Quick Start\n\n### Create a new post\n\n``` bash\n$ hexo new \"My New Post\"\n```\n\nMore info: [Writing](https://hexo.io/docs/writing.html)\n\n### Run server\n\n``` bash\n$ hexo server\n```\n\nMore info: [Server](https://hexo.io/docs/server.html)\n\n### Generate static files\n\n``` bash\n$ hexo generate\n```\n\nMore info: [Generating](https://hexo.io/docs/generating.html)\n\n### Deploy to remote sites\n\n``` bash\n$ hexo deploy\n```\n\nMore info: [Deployment](https://hexo.io/docs/one-command-deployment.html)\n","source":"_posts/hello-world.md","raw":"---\ntitle: Hello World\n---\nWelcome to [Hexo](https://hexo.io/)! This is your very first post. Check [documentation](https://hexo.io/docs/) for more info. If you get any problems when using Hexo, you can find the answer in [troubleshooting](https://hexo.io/docs/troubleshooting.html) or you can ask me on [GitHub](https://github.com/hexojs/hexo/issues).\n\n## Quick Start\n\n### Create a new post\n\n``` bash\n$ hexo new \"My New Post\"\n```\n\nMore info: [Writing](https://hexo.io/docs/writing.html)\n\n### Run server\n\n``` bash\n$ hexo server\n```\n\nMore info: [Server](https://hexo.io/docs/server.html)\n\n### Generate static files\n\n``` bash\n$ hexo generate\n```\n\nMore info: [Generating](https://hexo.io/docs/generating.html)\n\n### Deploy to remote sites\n\n``` bash\n$ hexo deploy\n```\n\nMore info: [Deployment](https://hexo.io/docs/one-command-deployment.html)\n","slug":"hello-world","published":1,"date":"2023-03-23T05:58:30.822Z","updated":"2023-03-22T11:50:46.289Z","comments":1,"layout":"post","photos":[],"link":"","_id":"clfkpw8p90002bgtxghzc2rnt","content":"<p>Welcome to <a href=\"https://hexo.io/\">Hexo</a>! This is your very first post. Check <a href=\"https://hexo.io/docs/\">documentation</a> for more info. If you get any problems when using Hexo, you can find the answer in <a href=\"https://hexo.io/docs/troubleshooting.html\">troubleshooting</a> or you can ask me on <a href=\"https://github.com/hexojs/hexo/issues\">GitHub</a>.</p>\n<h2 id=\"Quick-Start\"><a href=\"#Quick-Start\" class=\"headerlink\" title=\"Quick Start\"></a>Quick Start</h2><h3 id=\"Create-a-new-post\"><a href=\"#Create-a-new-post\" class=\"headerlink\" title=\"Create a new post\"></a>Create a new post</h3><figure class=\"highlight bash\"><table><tr><td class=\"gutter\"><pre><span class=\"line\">1</span><br></pre></td><td class=\"code\"><pre><span class=\"line\">$ hexo new <span class=\"string\">&quot;My New Post&quot;</span></span><br></pre></td></tr></table></figure>\n\n<p>More info: <a href=\"https://hexo.io/docs/writing.html\">Writing</a></p>\n<h3 id=\"Run-server\"><a href=\"#Run-server\" class=\"headerlink\" title=\"Run server\"></a>Run server</h3><figure class=\"highlight bash\"><table><tr><td class=\"gutter\"><pre><span class=\"line\">1</span><br></pre></td><td class=\"code\"><pre><span class=\"line\">$ hexo server</span><br></pre></td></tr></table></figure>\n\n<p>More info: <a href=\"https://hexo.io/docs/server.html\">Server</a></p>\n<h3 id=\"Generate-static-files\"><a href=\"#Generate-static-files\" class=\"headerlink\" title=\"Generate static files\"></a>Generate static files</h3><figure class=\"highlight bash\"><table><tr><td class=\"gutter\"><pre><span class=\"line\">1</span><br></pre></td><td class=\"code\"><pre><span class=\"line\">$ hexo generate</span><br></pre></td></tr></table></figure>\n\n<p>More info: <a href=\"https://hexo.io/docs/generating.html\">Generating</a></p>\n<h3 id=\"Deploy-to-remote-sites\"><a href=\"#Deploy-to-remote-sites\" class=\"headerlink\" title=\"Deploy to remote sites\"></a>Deploy to remote sites</h3><figure class=\"highlight bash\"><table><tr><td class=\"gutter\"><pre><span class=\"line\">1</span><br></pre></td><td class=\"code\"><pre><span class=\"line\">$ hexo deploy</span><br></pre></td></tr></table></figure>\n\n<p>More info: <a href=\"https://hexo.io/docs/one-command-deployment.html\">Deployment</a></p>\n","site":{"data":{}},"excerpt":"","more":"<p>Welcome to <a href=\"https://hexo.io/\">Hexo</a>! This is your very first post. Check <a href=\"https://hexo.io/docs/\">documentation</a> for more info. If you get any problems when using Hexo, you can find the answer in <a href=\"https://hexo.io/docs/troubleshooting.html\">troubleshooting</a> or you can ask me on <a href=\"https://github.com/hexojs/hexo/issues\">GitHub</a>.</p>\n<h2 id=\"Quick-Start\"><a href=\"#Quick-Start\" class=\"headerlink\" title=\"Quick Start\"></a>Quick Start</h2><h3 id=\"Create-a-new-post\"><a href=\"#Create-a-new-post\" class=\"headerlink\" title=\"Create a new post\"></a>Create a new post</h3><figure class=\"highlight bash\"><table><tr><td class=\"gutter\"><pre><span class=\"line\">1</span><br></pre></td><td class=\"code\"><pre><span class=\"line\">$ hexo new <span class=\"string\">&quot;My New Post&quot;</span></span><br></pre></td></tr></table></figure>\n\n<p>More info: <a href=\"https://hexo.io/docs/writing.html\">Writing</a></p>\n<h3 id=\"Run-server\"><a href=\"#Run-server\" class=\"headerlink\" title=\"Run server\"></a>Run server</h3><figure class=\"highlight bash\"><table><tr><td class=\"gutter\"><pre><span class=\"line\">1</span><br></pre></td><td class=\"code\"><pre><span class=\"line\">$ hexo server</span><br></pre></td></tr></table></figure>\n\n<p>More info: <a href=\"https://hexo.io/docs/server.html\">Server</a></p>\n<h3 id=\"Generate-static-files\"><a href=\"#Generate-static-files\" class=\"headerlink\" title=\"Generate static files\"></a>Generate static files</h3><figure class=\"highlight bash\"><table><tr><td class=\"gutter\"><pre><span class=\"line\">1</span><br></pre></td><td class=\"code\"><pre><span class=\"line\">$ hexo generate</span><br></pre></td></tr></table></figure>\n\n<p>More info: <a href=\"https://hexo.io/docs/generating.html\">Generating</a></p>\n<h3 id=\"Deploy-to-remote-sites\"><a href=\"#Deploy-to-remote-sites\" class=\"headerlink\" title=\"Deploy to remote sites\"></a>Deploy to remote sites</h3><figure class=\"highlight bash\"><table><tr><td class=\"gutter\"><pre><span class=\"line\">1</span><br></pre></td><td class=\"code\"><pre><span class=\"line\">$ hexo deploy</span><br></pre></td></tr></table></figure>\n\n<p>More info: <a href=\"https://hexo.io/docs/one-command-deployment.html\">Deployment</a></p>\n"}],"PostAsset":[],"PostCategory":[],"PostTag":[],"Tag":[]}}